KEventId	Action	ObjectId	Category	SourceTask	SourceProductCommit	Evidence	Status
K-20260928-001	MIGRATE	XYK-BASELINE	Governance	XYK-FOUNDATION-R1	b0e6d397829a6cd5ec94624b1de062644c37decf	Remote product knowledge baseline migration	ACTIVE
K-20260928-002	CREATE	K-GOV-004	Governance	GOV-BASELINE-RECOVERY-R1	b0e6d397829a6cd5ec94624b1de062644c37decf	Guard shared bootstrap/direct-run audit	ACTIVE
K-20260928-002	STRENGTHEN	K-GOV-002	Governance	GOV-BASELINE-RECOVERY-R1	b0e6d397829a6cd5ec94624b1de062644c37decf	No allowlist widening for real architecture violation	ACTIVE
K-20260928-002	STRENGTHEN	K-GOV-003	Governance	GOV-BASELINE-RECOVERY-R1	b0e6d397829a6cd5ec94624b1de062644c37decf	Version consumers must use canonical resolver	ACTIVE
K-20260928-002	CREATE	EXP-GOVERNANCE-004	Governance	GOV-BASELINE-RECOVERY-R1	b0e6d397829a6cd5ec94624b1de062644c37decf	Governance RED classification before repair	ACTIVE
K-20260928-002	CREATE	DEC-XYK-KNOWLEDGE-PLANE	Governance	XYK-FOUNDATION-R1	b0e6d397829a6cd5ec94624b1de062644c37decf	User approved XYK as third project plane	ACTIVE
K-20260928-003	CREATE	K-UI-002	UI	XYUI4-COORDINATE-AUDIT	b0e6d397829a6cd5ec94624b1de062644c37decf	Ghost Preview fixed-offset drift root cause	ACTIVE
K-20260928-003	STRENGTHEN	K-NATIVE-002	Architecture	XYUI4-COORDINATE-AUDIT	b0e6d397829a6cd5ec94624b1de062644c37decf	Event-local to TopLevel and DPI exactly once	ACTIVE
K-20260928-003	STRENGTHEN	K-INP-004	Input	XYUI4-COORDINATE-AUDIT	b0e6d397829a6cd5ec94624b1de062644c37decf	Pointer coordinate space/unit/DPI ownership	ACTIVE
K-20260928-003	STRENGTHEN	EXP-TEST-001	Engineering	XYUI4-COORDINATE-AUDIT	b0e6d397829a6cd5ec94624b1de062644c37decf	Coordinate-chain audit before offset or DPI fixes	ACTIVE
K-20260928-004	CREATE	XYK-DISCOVERY-INDEXES	Governance	XYK-FOUNDATION-R1	b0e6d397829a6cd5ec94624b1de062644c37decf	Experience/Lesson/Incident/Decision discovery indexes	ACTIVE
K-20260928-005	FIX	XYK-INCIDENT-INDEX	Governance	XYK-FOUNDATION-R1	b0e6d397829a6cd5ec94624b1de062644c37decf	Exclude ERR template placeholder from discovery index	ACTIVE
K-20260928-006	CREATE	K-GOV-005	Governance	XYK-C0-GOVERNANCE-SEDIMENT-R1	656480892da5b32a1656acd87981795435a9982f	Candidate Tree purity and fail-closed eligibility	ACTIVE
K-20260928-006	CREATE	EXP-GOVERNANCE-005	Governance	XYK-C0-GOVERNANCE-SEDIMENT-R1	656480892da5b32a1656acd87981795435a9982f	Lane PASS is not Integration PASS	ACTIVE
K-20260928-007	CREATE	K-VAL-003	Engineering	XYE-C0-LAST-MILE-FINAL-R1	516c83f9da2e7be129e2f9e6560bf12958347fad	Headless session single-owner and real Visual Tree runtime validation	ACTIVE
K-20260928-007	STRENGTHEN	EXP-TEST-001	Engineering	XYE-C0-LAST-MILE-FINAL-R1	516c83f9da2e7be129e2f9e6560bf12958347fad	Headless lifecycle ownership and real TopLevel/Visual Tree requirement	ACTIVE
K-20260928-007	CREATE	ERR-20260928-002	Incident	XYE-C0-LAST-MILE-FINAL-R1	516c83f9da2e7be129e2f9e6560bf12958347fad	Duplicate Avalonia Headless bootstrap caused false input failures	VERIFIED
K-20261001-001	CREATE	K-XYT-T2-TERRAIN-CONTEXT-001	UI	XYT-T2-T-A-FIX-A-TERRAIN-CONTEXT	115b4ea90a92b28f113c7de9e947c8d2da4d877f	Same-test RED->GREEN; Terrain/Context scoped regression	ACTIVE
K-20261001-002	CREATE	K-XYT-MAP-001	Engineering	XYT-C	0d75987cff361cefd3ccd4864ea9c17fe17f3581	Required test selection chain	ACTIVE
K-20261001-002	CREATE	K-XYT-MAP-002	Engineering	XYT-C	0d75987cff361cefd3ccd4864ea9c17fe17f3581	Agent cannot remove required tests	ACTIVE
K-20261001-002	CREATE	K-XYT-EXEC-001	Engineering	XYT-D	673dae7f02c4d9c43a5a5fc83b1952233471f4d5	Unknown root cause preserved until classified	ACTIVE
K-20261001-002	CREATE	K-XYT-AUDIT-001	Engineering	XYT-G-LEGACY-AUDIT	-	Evidence tier follows actual boundary, not naming	ACTIVE
K-20261001-003	CREATE	K-XYT-WIT-001	Engineering	XYT-J	9e4c1a3de93c569bd24352867001c6c2ad10b869	Same-test RED to GREEN witness	ACTIVE
K-20261001-003	CREATE	K-XYT-EVID-001	Engineering	XYT-K	32af17e9dbe076fbd76dde331c751fe3479b0abf	Capability-isolated evidence expiry	ACTIVE
K-20261001-003	CREATE	K-XYT-CLOSE-001	Engineering	XYT-L-FINAL	475ab10dfdde94898725acf4607ee8d09ae1e9dc	Integration ready is not product closure	ACTIVE
K-20261001-003	CREATE	K-XYT-P3-001	Engineering	XYT-H	ccd3dbef94864466ec2a7fc73c4ee6074e5809b2	Canonical real runtime path	ACTIVE
K-20261001-003	CREATE	K-XYT-HARNESS-001	Engineering	XYT-HARNESS	-	Expected child failure exit normalization	ACTIVE
K-20261001-003	CREATE	K-HANDOFF-001	Engineering	XYT-L2-HANDOFF	18842310247abac42b125816645afeccb6947dcb	Controlled stale mutex recovery	ACTIVE
K-20261001-003	CREATE	K-XYT-P3-002	Engineering	XYT-H2-H3	ccd3dbef94864466ec2a7fc73c4ee6074e5809b2	Separate build preparation and runtime probe	ACTIVE
